{
  "model_name": "ada_boost",
  "accuracy": 0.9478957915831663,
  "balanced_accuracy": 0.7712653698354501,
  "recall": 0.9478957915831663,
  "f1": 0.9347537726442455,
  "roc": 0.8212900384604618,
  "cr": "              precision    recall  f1-score   support\n\n           0       0.95      0.99      0.97       163\n           1       0.90      0.95      0.93       169\n           2       1.00      0.99      1.00       140\n           3       0.00      0.00      0.00        14\n           4       1.00      0.92      0.96        13\n\n    accuracy                           0.95       499\n   macro avg       0.77      0.77      0.77       499\nweighted avg       0.92      0.95      0.93       499\n",
  "cm": [
    [
      0.9877300613496932,
      0.012269938650306749,
      0.0,
      0.0,
      0.0
    ],
    [
      0.047337278106508875,
      0.9526627218934911,
      0.0,
      0.0,
      0.0
    ],
    [
      0.0,
      0.007142857142857143,
      0.9928571428571429,
      0.0,
      0.0
    ],
    [
      0.0,
      1.0,
      0.0,
      0.0,
      0.0
    ],
    [
      0.0,
      0.07692307692307693,
      0.0,
      0.0,
      0.9230769230769231
    ]
  ]
}