{
  "model_name": "grad_boost",
  "accuracy": 0.9839679358717435,
  "balanced_accuracy": 0.9772995763085428,
  "recall": 0.9839679358717435,
  "f1": 0.9839522742392701,
  "roc": 0.9996263088948459,
  "cr": "              precision    recall  f1-score   support\n\n           0       0.98      0.98      0.98       163\n           1       0.98      0.98      0.98       169\n           2       1.00      1.00      1.00       140\n           3       1.00      0.93      0.96        14\n           4       1.00      1.00      1.00        13\n\n    accuracy                           0.98       499\n   macro avg       0.99      0.98      0.98       499\nweighted avg       0.98      0.98      0.98       499\n",
  "cm": [
    [
      0.9815950920245399,
      0.018404907975460124,
      0.0,
      0.0,
      0.0
    ],
    [
      0.023668639053254437,
      0.9763313609467456,
      0.0,
      0.0,
      0.0
    ],
    [
      0.0,
      0.0,
      1.0,
      0.0,
      0.0
    ],
    [
      0.0,
      0.07142857142857142,
      0.0,
      0.9285714285714286,
      0.0
    ],
    [
      0.0,
      0.0,
      0.0,
      0.0,
      1.0
    ]
  ]
}