{
  "model_name": "extra_trees",
  "accuracy": 0.9879759519038076,
  "balanced_accuracy": 0.9797971259509721,
  "recall": 0.9879759519038076,
  "f1": 0.9879764064387085,
  "roc": 0.999674999349348,
  "cr": "              precision    recall  f1-score   support\n\n           0       0.97      1.00      0.98       163\n           1       1.00      0.97      0.98       169\n           2       1.00      1.00      1.00       140\n           3       1.00      0.93      0.96        14\n           4       0.93      1.00      0.96        13\n\n    accuracy                           0.99       499\n   macro avg       0.98      0.98      0.98       499\nweighted avg       0.99      0.99      0.99       499\n",
  "cm": [
    [
      1.0,
      0.0,
      0.0,
      0.0,
      0.0
    ],
    [
      0.029585798816568046,
      0.9704142011834319,
      0.0,
      0.0,
      0.0
    ],
    [
      0.0,
      0.0,
      1.0,
      0.0,
      0.0
    ],
    [
      0.0,
      0.0,
      0.0,
      0.9285714285714286,
      0.07142857142857142
    ],
    [
      0.0,
      0.0,
      0.0,
      0.0,
      1.0
    ]
  ]
}