{
  "model_name": "grad_boost",
  "accuracy": 0.9879759519038076,
  "balanced_accuracy": 0.9797100021262363,
  "recall": 0.9879759519038076,
  "f1": 0.9879541618064536,
  "roc": 0.999608199082147,
  "cr": "              precision    recall  f1-score   support\n\n           0       0.98      0.99      0.98       163\n           1       0.98      0.98      0.98       169\n           2       1.00      1.00      1.00       140\n           3       1.00      0.93      0.96        14\n           4       1.00      1.00      1.00        13\n\n    accuracy                           0.99       499\n   macro avg       0.99      0.98      0.99       499\nweighted avg       0.99      0.99      0.99       499\n",
  "cm": [
    [
      0.9877300613496932,
      0.012269938650306749,
      0.0,
      0.0,
      0.0
    ],
    [
      0.01775147928994083,
      0.9822485207100592,
      0.0,
      0.0,
      0.0
    ],
    [
      0.0,
      0.0,
      1.0,
      0.0,
      0.0
    ],
    [
      0.0,
      0.07142857142857142,
      0.0,
      0.9285714285714286,
      0.0
    ],
    [
      0.0,
      0.0,
      0.0,
      0.0,
      1.0
    ]
  ]
}