{
  "model_name": "grad_boost",
  "accuracy": 0.888015717092338,
  "balanced_accuracy": 0.7915708421219749,
  "recall": 0.888015717092338,
  "f1": 0.8832997304440547,
  "roc": 0.9076354783220826,
  "cr": "              precision    recall  f1-score   support\n\n           0       0.90      0.95      0.92       355\n           1       0.74      0.57      0.65        54\n           2       0.89      0.70      0.78        46\n           3       0.93      0.94      0.94        54\n\n    accuracy                           0.89       509\n   macro avg       0.86      0.79      0.82       509\nweighted avg       0.88      0.89      0.88       509\n",
  "cm": [
    [
      0.952112676056338,
      0.028169014084507043,
      0.008450704225352112,
      0.011267605633802818
    ],
    [
      0.4074074074074074,
      0.5740740740740741,
      0.018518518518518517,
      0.0
    ],
    [
      0.2826086956521739,
      0.021739130434782608,
      0.6956521739130435,
      0.0
    ],
    [
      0.05555555555555555,
      0.0,
      0.0,
      0.9444444444444444
    ]
  ]
}