{
  "model_name": "ada_boost",
  "accuracy": 0.8349705304518664,
  "balanced_accuracy": 0.7269618516250482,
  "recall": 0.8349705304518664,
  "f1": 0.8321558718259393,
  "roc": 0.89153058663809,
  "cr": "              precision    recall  f1-score   support\n\n           0       0.88      0.91      0.89       355\n           1       0.52      0.46      0.49        54\n           2       0.66      0.63      0.64        46\n           3       0.94      0.91      0.92        54\n\n    accuracy                           0.83       509\n   macro avg       0.75      0.73      0.74       509\nweighted avg       0.83      0.83      0.83       509\n",
  "cm": [
    [
      0.9070422535211268,
      0.05352112676056338,
      0.030985915492957747,
      0.008450704225352112
    ],
    [
      0.46296296296296297,
      0.46296296296296297,
      0.07407407407407407,
      0.0
    ],
    [
      0.2826086956521739,
      0.08695652173913043,
      0.6304347826086957,
      0.0
    ],
    [
      0.09259259259259259,
      0.0,
      0.0,
      0.9074074074074074
    ]
  ]
}