{
  "model_name": "ExtraTrees - Process+Task - Best",
  "accuracy": 0.8840864440078585,
  "balanced_accuracy": 0.7641945068154499,
  "recall": 0.8840864440078585,
  "f1": 0.8774155132770103,
  "roc": 0.8895811983338023,
  "cr": "              precision    recall  f1-score   support\n\n           0       0.89      0.96      0.93       355\n           1       0.79      0.56      0.65        54\n           2       0.85      0.63      0.72        46\n           3       0.92      0.91      0.92        54\n\n    accuracy                           0.88       509\n   macro avg       0.86      0.76      0.80       509\nweighted avg       0.88      0.88      0.88       509\n",
  "cm": [
    [
      0.9633802816901409,
      0.016901408450704224,
      0.008450704225352112,
      0.011267605633802818
    ],
    [
      0.4074074074074074,
      0.5555555555555556,
      0.037037037037037035,
      0.0
    ],
    [
      0.34782608695652173,
      0.021739130434782608,
      0.6304347826086957,
      0.0
    ],
    [
      0.07407407407407407,
      0.018518518518518517,
      0.0,
      0.9074074074074074
    ]
  ]
}