{
  "model_name": "AdaBoost - Process+Task - Best",
  "accuracy": 0.8428290766208252,
  "balanced_accuracy": 0.7006906171327482,
  "recall": 0.8428290766208252,
  "f1": 0.831957798824452,
  "roc": 0.8762128323034177,
  "cr": "              precision    recall  f1-score   support\n\n           0       0.86      0.94      0.90       355\n           1       0.59      0.37      0.45        54\n           2       0.73      0.59      0.65        46\n           3       0.94      0.91      0.92        54\n\n    accuracy                           0.84       509\n   macro avg       0.78      0.70      0.73       509\nweighted avg       0.83      0.84      0.83       509\n",
  "cm": [
    [
      0.9380281690140845,
      0.036619718309859155,
      0.016901408450704224,
      0.008450704225352112
    ],
    [
      0.5555555555555556,
      0.37037037037037035,
      0.07407407407407407,
      0.0
    ],
    [
      0.391304347826087,
      0.021739130434782608,
      0.5869565217391305,
      0.0
    ],
    [
      0.09259259259259259,
      0.0,
      0.0,
      0.9074074074074074
    ]
  ]
}