{
  "model_name": "grad_boost",
  "accuracy": 0.8762278978388998,
  "balanced_accuracy": 0.7582573541085483,
  "recall": 0.8762278978388998,
  "f1": 0.8693063559990439,
  "roc": 0.9159837328163823,
  "cr": "              precision    recall  f1-score   support\n\n           0       0.89      0.95      0.92       355\n           1       0.69      0.50      0.58        54\n           2       0.86      0.65      0.74        46\n           3       0.94      0.93      0.93        54\n\n    accuracy                           0.88       509\n   macro avg       0.85      0.76      0.79       509\nweighted avg       0.87      0.88      0.87       509\n",
  "cm": [
    [
      0.9549295774647887,
      0.030985915492957747,
      0.005633802816901409,
      0.008450704225352112
    ],
    [
      0.4444444444444444,
      0.5,
      0.05555555555555555,
      0.0
    ],
    [
      0.32608695652173914,
      0.021739130434782608,
      0.6521739130434783,
      0.0
    ],
    [
      0.07407407407407407,
      0.0,
      0.0,
      0.9259259259259259
    ]
  ]
}