{
  "model_name": "extra_trees",
  "accuracy": 0.888015717092338,
  "balanced_accuracy": 0.790765689142909,
  "recall": 0.888015717092338,
  "f1": 0.8838655417898837,
  "roc": 0.8918852468929487,
  "cr": "              precision    recall  f1-score   support\n\n           0       0.90      0.95      0.93       355\n           1       0.75      0.61      0.67        54\n           2       0.86      0.67      0.76        46\n           3       0.93      0.93      0.93        54\n\n    accuracy                           0.89       509\n   macro avg       0.86      0.79      0.82       509\nweighted avg       0.88      0.89      0.88       509\n",
  "cm": [
    [
      0.952112676056338,
      0.028169014084507043,
      0.008450704225352112,
      0.011267605633802818
    ],
    [
      0.35185185185185186,
      0.6111111111111112,
      0.037037037037037035,
      0.0
    ],
    [
      0.30434782608695654,
      0.021739130434782608,
      0.6739130434782609,
      0.0
    ],
    [
      0.07407407407407407,
      0.0,
      0.0,
      0.9259259259259259
    ]
  ]
}