{
  "model_name": "rf",
  "accuracy": 0.8781925343811395,
  "balanced_accuracy": 0.7825140051257626,
  "recall": 0.8781925343811395,
  "f1": 0.8747148260934394,
  "roc": 0.9249845026126814,
  "cr": "              precision    recall  f1-score   support\n\n           0       0.91      0.94      0.92       355\n           1       0.68      0.59      0.63        54\n           2       0.77      0.65      0.71        46\n           3       0.94      0.94      0.94        54\n\n    accuracy                           0.88       509\n   macro avg       0.82      0.78      0.80       509\nweighted avg       0.87      0.88      0.87       509\n",
  "cm": [
    [
      0.9408450704225352,
      0.036619718309859155,
      0.014084507042253521,
      0.008450704225352112
    ],
    [
      0.3333333333333333,
      0.5925925925925926,
      0.07407407407407407,
      0.0
    ],
    [
      0.32608695652173914,
      0.021739130434782608,
      0.6521739130434783,
      0.0
    ],
    [
      0.037037037037037035,
      0.018518518518518517,
      0.0,
      0.9444444444444444
    ]
  ]
}