{
  "model_name": "bagging",
  "accuracy": 0.8762278978388998,
  "balanced_accuracy": 0.776274069538001,
  "recall": 0.8762278978388998,
  "f1": 0.8724302086862775,
  "roc": 0.9273893022582912,
  "cr": "              precision    recall  f1-score   support\n\n           0       0.90      0.94      0.92       355\n           1       0.69      0.61      0.65        54\n           2       0.76      0.61      0.67        46\n           3       0.94      0.94      0.94        54\n\n    accuracy                           0.88       509\n   macro avg       0.82      0.78      0.80       509\nweighted avg       0.87      0.88      0.87       509\n",
  "cm": [
    [
      0.9408450704225352,
      0.036619718309859155,
      0.014084507042253521,
      0.008450704225352112
    ],
    [
      0.3148148148148148,
      0.6111111111111112,
      0.07407407407407407,
      0.0
    ],
    [
      0.3695652173913043,
      0.021739130434782608,
      0.6086956521739131,
      0.0
    ],
    [
      0.037037037037037035,
      0.018518518518518517,
      0.0,
      0.9444444444444444
    ]
  ]
}