{
  "model_name": "extra_trees",
  "accuracy": 0.8821218074656189,
  "balanced_accuracy": 0.7634902814633372,
  "recall": 0.8821218074656189,
  "f1": 0.875656157614851,
  "roc": 0.8923219831592663,
  "cr": "              precision    recall  f1-score   support\n\n           0       0.89      0.96      0.92       355\n           1       0.77      0.56      0.65        54\n           2       0.85      0.63      0.72        46\n           3       0.92      0.91      0.92        54\n\n    accuracy                           0.88       509\n   macro avg       0.86      0.76      0.80       509\nweighted avg       0.88      0.88      0.88       509\n",
  "cm": [
    [
      0.9605633802816902,
      0.01971830985915493,
      0.008450704225352112,
      0.011267605633802818
    ],
    [
      0.4074074074074074,
      0.5555555555555556,
      0.037037037037037035,
      0.0
    ],
    [
      0.34782608695652173,
      0.021739130434782608,
      0.6304347826086957,
      0.0
    ],
    [
      0.07407407407407407,
      0.018518518518518517,
      0.0,
      0.9074074074074074
    ]
  ]
}