{
  "model_name": "ada_boost",
  "accuracy": 0.8330058939096268,
  "balanced_accuracy": 0.7010948946497018,
  "recall": 0.8330058939096268,
  "f1": 0.8249716971309585,
  "roc": 0.8834065313894905,
  "cr": "              precision    recall  f1-score   support\n\n           0       0.86      0.92      0.89       355\n           1       0.59      0.41      0.48        54\n           2       0.66      0.59      0.62        46\n           3       0.94      0.89      0.91        54\n\n    accuracy                           0.83       509\n   macro avg       0.76      0.70      0.73       509\nweighted avg       0.82      0.83      0.82       509\n",
  "cm": [
    [
      0.9211267605633803,
      0.03943661971830986,
      0.030985915492957747,
      0.008450704225352112
    ],
    [
      0.5370370370370371,
      0.4074074074074074,
      0.05555555555555555,
      0.0
    ],
    [
      0.391304347826087,
      0.021739130434782608,
      0.5869565217391305,
      0.0
    ],
    [
      0.1111111111111111,
      0.0,
      0.0,
      0.8888888888888888
    ]
  ]
}