{
  "model_name": "ada_boost",
  "accuracy": 0.6332665330661322,
  "balanced_accuracy": 0.5989010989010989,
  "recall": 0.6332665330661322,
  "f1": 0.5189702637598429,
  "roc": 0.7145205052423412,
  "cr": "              precision    recall  f1-score   support\n\n           0       0.49      1.00      0.66       163\n           1       0.00      0.00      0.00       169\n           2       1.00      1.00      1.00       140\n           3       1.00      0.07      0.13        14\n           4       0.63      0.92      0.75        13\n\n    accuracy                           0.63       499\n   macro avg       0.62      0.60      0.51       499\nweighted avg       0.49      0.63      0.52       499\n",
  "cm": [
    [
      1.0,
      0.0,
      0.0,
      0.0,
      0.0
    ],
    [
      1.0,
      0.0,
      0.0,
      0.0,
      0.0
    ],
    [
      0.0,
      0.0,
      1.0,
      0.0,
      0.0
    ],
    [
      0.0,
      0.42857142857142855,
      0.0,
      0.07142857142857142,
      0.5
    ],
    [
      0.0,
      0.07692307692307693,
      0.0,
      0.0,
      0.9230769230769231
    ]
  ]
}