{
  "model_name": "ada_boost",
  "accuracy": 0.6172344689378757,
  "balanced_accuracy": 0.3985714285714286,
  "recall": 0.6172344689378757,
  "f1": 0.4963603485889994,
  "roc": 0.7870034983455697,
  "cr": "              precision    recall  f1-score   support\n\n           0       0.00      0.00      0.00       163\n           1       0.47      1.00      0.64       169\n           2       1.00      0.99      1.00       140\n           3       0.00      0.00      0.00        14\n           4       0.00      0.00      0.00        13\n\n    accuracy                           0.62       499\n   macro avg       0.29      0.40      0.33       499\nweighted avg       0.44      0.62      0.50       499\n",
  "cm": [
    [
      0.0,
      1.0,
      0.0,
      0.0,
      0.0
    ],
    [
      0.0,
      1.0,
      0.0,
      0.0,
      0.0
    ],
    [
      0.007142857142857143,
      0.0,
      0.9928571428571429,
      0.0,
      0.0
    ],
    [
      0.0,
      1.0,
      0.0,
      0.0,
      0.0
    ],
    [
      0.0,
      1.0,
      0.0,
      0.0,
      0.0
    ]
  ]
}