{
  "model_name": "bagging",
  "accuracy": 0.9759519038076152,
  "balanced_accuracy": 0.9463612838317887,
  "recall": 0.9759519038076152,
  "f1": 0.9759036219258133,
  "roc": 0.9985644382407841,
  "cr": "              precision    recall  f1-score   support\n\n           0       0.96      0.98      0.97       163\n           1       0.98      0.96      0.97       169\n           2       1.00      1.00      1.00       140\n           3       1.00      0.79      0.88        14\n           4       0.81      1.00      0.90        13\n\n    accuracy                           0.98       499\n   macro avg       0.95      0.95      0.94       499\nweighted avg       0.98      0.98      0.98       499\n",
  "cm": [
    [
      0.9815950920245399,
      0.018404907975460124,
      0.0,
      0.0,
      0.0
    ],
    [
      0.03550295857988166,
      0.9644970414201184,
      0.0,
      0.0,
      0.0
    ],
    [
      0.0,
      0.0,
      1.0,
      0.0,
      0.0
    ],
    [
      0.0,
      0.0,
      0.0,
      0.7857142857142857,
      0.21428571428571427
    ],
    [
      0.0,
      0.0,
      0.0,
      0.0,
      1.0
    ]
  ]
}