{
  "model_name": "bagging",
  "accuracy": 0.9719438877755511,
  "balanced_accuracy": 0.9155920530625579,
  "recall": 0.9719438877755511,
  "f1": 0.9719453605755266,
  "roc": 0.9927988730494516,
  "cr": "              precision    recall  f1-score   support\n\n           0       0.96      0.98      0.97       163\n           1       0.98      0.96      0.97       169\n           2       1.00      1.00      1.00       140\n           3       0.85      0.79      0.81        14\n           4       0.79      0.85      0.81        13\n\n    accuracy                           0.97       499\n   macro avg       0.92      0.92      0.92       499\nweighted avg       0.97      0.97      0.97       499\n",
  "cm": [
    [
      0.9815950920245399,
      0.018404907975460124,
      0.0,
      0.0,
      0.0
    ],
    [
      0.03550295857988166,
      0.9644970414201184,
      0.0,
      0.0,
      0.0
    ],
    [
      0.0,
      0.0,
      1.0,
      0.0,
      0.0
    ],
    [
      0.0,
      0.0,
      0.0,
      0.7857142857142857,
      0.21428571428571427
    ],
    [
      0.0,
      0.0,
      0.0,
      0.15384615384615385,
      0.8461538461538461
    ]
  ]
}