{
  "model_name": "extra_trees",
  "accuracy": 0.9779559118236473,
  "balanced_accuracy": 0.9606469981175032,
  "recall": 0.9779559118236473,
  "f1": 0.9779463735905676,
  "roc": 0.9987240148833237,
  "cr": "              precision    recall  f1-score   support\n\n           0       0.96      0.98      0.97       163\n           1       0.98      0.96      0.97       169\n           2       1.00      1.00      1.00       140\n           3       1.00      0.86      0.92        14\n           4       0.87      1.00      0.93        13\n\n    accuracy                           0.98       499\n   macro avg       0.96      0.96      0.96       499\nweighted avg       0.98      0.98      0.98       499\n",
  "cm": [
    [
      0.9815950920245399,
      0.018404907975460124,
      0.0,
      0.0,
      0.0
    ],
    [
      0.03550295857988166,
      0.9644970414201184,
      0.0,
      0.0,
      0.0
    ],
    [
      0.0,
      0.0,
      1.0,
      0.0,
      0.0
    ],
    [
      0.0,
      0.0,
      0.0,
      0.8571428571428571,
      0.14285714285714285
    ],
    [
      0.0,
      0.0,
      0.0,
      0.0,
      1.0
    ]
  ]
}