{
  "model_name": "grad_boost",
  "accuracy": 0.9679358717434869,
  "balanced_accuracy": 0.9273828106768173,
  "recall": 0.9679358717434869,
  "f1": 0.967915595138904,
  "roc": 0.998318174992285,
  "cr": "              precision    recall  f1-score   support\n\n           0       0.95      0.98      0.96       163\n           1       0.98      0.95      0.96       169\n           2       1.00      1.00      1.00       140\n           3       0.92      0.79      0.85        14\n           4       0.80      0.92      0.86        13\n\n    accuracy                           0.97       499\n   macro avg       0.93      0.93      0.93       499\nweighted avg       0.97      0.97      0.97       499\n",
  "cm": [
    [
      0.9754601226993865,
      0.024539877300613498,
      0.0,
      0.0,
      0.0
    ],
    [
      0.047337278106508875,
      0.9526627218934911,
      0.0,
      0.0,
      0.0
    ],
    [
      0.0,
      0.0,
      1.0,
      0.0,
      0.0
    ],
    [
      0.0,
      0.0,
      0.0,
      0.7857142857142857,
      0.21428571428571427
    ],
    [
      0.0,
      0.0,
      0.0,
      0.07692307692307693,
      0.9230769230769231
    ]
  ]
}