{
  "model_name": "grad_boost",
  "accuracy": 0.9679358717434869,
  "balanced_accuracy": 0.9012218079230822,
  "recall": 0.9679358717434869,
  "f1": 0.9677369254931565,
  "roc": 0.9990640768458717,
  "cr": "              precision    recall  f1-score   support\n\n           0       0.96      0.98      0.97       163\n           1       0.98      0.96      0.97       169\n           2       1.00      1.00      1.00       140\n           3       0.90      0.64      0.75        14\n           4       0.71      0.92      0.80        13\n\n    accuracy                           0.97       499\n   macro avg       0.91      0.90      0.90       499\nweighted avg       0.97      0.97      0.97       499\n",
  "cm": [
    [
      0.9815950920245399,
      0.018404907975460124,
      0.0,
      0.0,
      0.0
    ],
    [
      0.04142011834319527,
      0.9585798816568047,
      0.0,
      0.0,
      0.0
    ],
    [
      0.0,
      0.0,
      1.0,
      0.0,
      0.0
    ],
    [
      0.0,
      0.0,
      0.0,
      0.6428571428571429,
      0.35714285714285715
    ],
    [
      0.0,
      0.0,
      0.0,
      0.07692307692307693,
      0.9230769230769231
    ]
  ]
}