{
  "model_name": "rf",
  "accuracy": 0.9739478957915831,
  "balanced_accuracy": 0.9452214137914939,
  "recall": 0.9739478957915831,
  "f1": 0.9738981411098058,
  "roc": 0.9981377738228209,
  "cr": "              precision    recall  f1-score   support\n\n           0       0.95      0.99      0.97       163\n           1       0.99      0.95      0.97       169\n           2       1.00      1.00      1.00       140\n           3       1.00      0.79      0.88        14\n           4       0.81      1.00      0.90        13\n\n    accuracy                           0.97       499\n   macro avg       0.95      0.95      0.94       499\nweighted avg       0.98      0.97      0.97       499\n",
  "cm": [
    [
      0.9877300613496932,
      0.012269938650306749,
      0.0,
      0.0,
      0.0
    ],
    [
      0.047337278106508875,
      0.9526627218934911,
      0.0,
      0.0,
      0.0
    ],
    [
      0.0,
      0.0,
      1.0,
      0.0,
      0.0
    ],
    [
      0.0,
      0.0,
      0.0,
      0.7857142857142857,
      0.21428571428571427
    ],
    [
      0.0,
      0.0,
      0.0,
      0.0,
      1.0
    ]
  ]
}