{
  "model_name": "rf",
  "accuracy": 0.9719438877755511,
  "balanced_accuracy": 0.9439508580140954,
  "recall": 0.9719438877755511,
  "f1": 0.9718959331826327,
  "roc": 0.9985210563509773,
  "cr": "              precision    recall  f1-score   support\n\n           0       0.96      0.98      0.97       163\n           1       0.98      0.96      0.97       169\n           2       1.00      1.00      1.00       140\n           3       1.00      0.79      0.88        14\n           4       0.81      1.00      0.90        13\n\n    accuracy                           0.97       499\n   macro avg       0.95      0.94      0.94       499\nweighted avg       0.97      0.97      0.97       499\n",
  "cm": [
    [
      0.9754601226993865,
      0.024539877300613498,
      0.0,
      0.0,
      0.0
    ],
    [
      0.04142011834319527,
      0.9585798816568047,
      0.0,
      0.0,
      0.0
    ],
    [
      0.0,
      0.0,
      1.0,
      0.0,
      0.0
    ],
    [
      0.0,
      0.0,
      0.0,
      0.7857142857142857,
      0.21428571428571427
    ],
    [
      0.0,
      0.0,
      0.0,
      0.0,
      1.0
    ]
  ]
}