{
  "model_name": "grad_boost",
  "accuracy": 0.9859719438877755,
  "balanced_accuracy": 0.991672414418993,
  "recall": 0.9859719438877755,
  "f1": 0.9859725802366369,
  "roc": 0.9994940096643503,
  "cr": "              precision    recall  f1-score   support\n\n           0       0.96      0.99      0.98       163\n           1       0.99      0.96      0.98       169\n           2       1.00      1.00      1.00       140\n           3       1.00      1.00      1.00        14\n           4       1.00      1.00      1.00        13\n\n    accuracy                           0.99       499\n   macro avg       0.99      0.99      0.99       499\nweighted avg       0.99      0.99      0.99       499\n",
  "cm": [
    [
      0.9938650306748467,
      0.006134969325153374,
      0.0,
      0.0,
      0.0
    ],
    [
      0.03550295857988166,
      0.9644970414201184,
      0.0,
      0.0,
      0.0
    ],
    [
      0.0,
      0.0,
      1.0,
      0.0,
      0.0
    ],
    [
      0.0,
      0.0,
      0.0,
      1.0,
      0.0
    ],
    [
      0.0,
      0.0,
      0.0,
      0.0,
      1.0
    ]
  ]
}