{
  "model_name": "extra_trees",
  "accuracy": 0.9859719438877755,
  "balanced_accuracy": 0.9786136939983094,
  "recall": 0.9859719438877755,
  "f1": 0.9859719438877755,
  "roc": 0.9997532402467273,
  "cr": "              precision    recall  f1-score   support\n\n           0       0.96      1.00      0.98       163\n           1       1.00      0.96      0.98       169\n           2       1.00      1.00      1.00       140\n           3       1.00      0.93      0.96        14\n           4       0.93      1.00      0.96        13\n\n    accuracy                           0.99       499\n   macro avg       0.98      0.98      0.98       499\nweighted avg       0.99      0.99      0.99       499\n",
  "cm": [
    [
      1.0,
      0.0,
      0.0,
      0.0,
      0.0
    ],
    [
      0.03550295857988166,
      0.9644970414201184,
      0.0,
      0.0,
      0.0
    ],
    [
      0.0,
      0.0,
      1.0,
      0.0,
      0.0
    ],
    [
      0.0,
      0.0,
      0.0,
      0.9285714285714286,
      0.07142857142857142
    ],
    [
      0.0,
      0.0,
      0.0,
      0.0,
      1.0
    ]
  ]
}