{
  "model_name": "ada_boost",
  "accuracy": 0.32665330661322645,
  "balanced_accuracy": 0.5417582417582418,
  "recall": 0.32665330661322645,
  "f1": 0.3073000903768321,
  "roc": 0.8035193193992752,
  "cr": "              precision    recall  f1-score   support\n\n           0       0.00      0.00      0.00       163\n           1       0.00      0.00      0.00       169\n           2       1.00      1.00      1.00       140\n           3       0.03      0.79      0.06        14\n           4       1.00      0.92      0.96        13\n\n    accuracy                           0.33       499\n   macro avg       0.41      0.54      0.40       499\nweighted avg       0.31      0.33      0.31       499\n",
  "cm": [
    [
      0.0,
      0.0,
      0.0,
      1.0,
      0.0
    ],
    [
      0.0,
      0.0,
      0.0,
      1.0,
      0.0
    ],
    [
      0.0,
      0.0,
      1.0,
      0.0,
      0.0
    ],
    [
      0.07142857142857142,
      0.14285714285714285,
      0.0,
      0.7857142857142857,
      0.0
    ],
    [
      0.0,
      0.07692307692307693,
      0.0,
      0.0,
      0.9230769230769231
    ]
  ]
}