{
  "model_name": "rf",
  "accuracy": 0.9839679358717435,
  "balanced_accuracy": 0.9904889824663303,
  "recall": 0.9839679358717435,
  "f1": 0.9839679358717435,
  "roc": 0.9996299417015849,
  "cr": "              precision    recall  f1-score   support\n\n           0       0.96      0.99      0.98       163\n           1       0.99      0.96      0.98       169\n           2       1.00      1.00      1.00       140\n           3       1.00      1.00      1.00        14\n           4       1.00      1.00      1.00        13\n\n    accuracy                           0.98       499\n   macro avg       0.99      0.99      0.99       499\nweighted avg       0.98      0.98      0.98       499\n",
  "cm": [
    [
      0.9938650306748467,
      0.006134969325153374,
      0.0,
      0.0,
      0.0
    ],
    [
      0.04142011834319527,
      0.9585798816568047,
      0.0,
      0.0,
      0.0
    ],
    [
      0.0,
      0.0,
      1.0,
      0.0,
      0.0
    ],
    [
      0.0,
      0.0,
      0.0,
      1.0,
      0.0
    ],
    [
      0.0,
      0.0,
      0.0,
      0.0,
      1.0
    ]
  ]
}