{
  "model_name": "rf",
  "accuracy": 0.9839679358717435,
  "balanced_accuracy": 0.9904454205539622,
  "recall": 0.9839679358717435,
  "f1": 0.9839690995127617,
  "roc": 0.9995727385506945,
  "cr": "              precision    recall  f1-score   support\n\n           0       0.96      0.99      0.98       163\n           1       0.99      0.96      0.98       169\n           2       1.00      1.00      1.00       140\n           3       1.00      1.00      1.00        14\n           4       1.00      1.00      1.00        13\n\n    accuracy                           0.98       499\n   macro avg       0.99      0.99      0.99       499\nweighted avg       0.98      0.98      0.98       499\n",
  "cm": [
    [
      0.9877300613496932,
      0.012269938650306749,
      0.0,
      0.0,
      0.0
    ],
    [
      0.03550295857988166,
      0.9644970414201184,
      0.0,
      0.0,
      0.0
    ],
    [
      0.0,
      0.0,
      1.0,
      0.0,
      0.0
    ],
    [
      0.0,
      0.0,
      0.0,
      1.0,
      0.0
    ],
    [
      0.0,
      0.0,
      0.0,
      0.0,
      1.0
    ]
  ]
}