{
  "model_name": "rf",
  "accuracy": 0.8762278978388998,
  "balanced_accuracy": 0.7943911455852668,
  "recall": 0.8762278978388998,
  "f1": 0.8752760150168051,
  "roc": 0.9156339148128411,
  "cr": "              precision    recall  f1-score   support\n\n           0       0.91      0.93      0.92       355\n           1       0.62      0.65      0.64        54\n           2       0.84      0.67      0.75        46\n           3       0.94      0.93      0.93        54\n\n    accuracy                           0.88       509\n   macro avg       0.83      0.79      0.81       509\nweighted avg       0.88      0.88      0.88       509\n",
  "cm": [
    [
      0.9295774647887324,
      0.05070422535211268,
      0.011267605633802818,
      0.008450704225352112
    ],
    [
      0.3148148148148148,
      0.6481481481481481,
      0.037037037037037035,
      0.0
    ],
    [
      0.30434782608695654,
      0.021739130434782608,
      0.6739130434782609,
      0.0
    ],
    [
      0.037037037037037035,
      0.037037037037037035,
      0.0,
      0.9259259259259259
    ]
  ]
}