{
  "model_name": "Bagging - Process+Task - Best",
  "accuracy": 0.8781925343811395,
  "balanced_accuracy": 0.7777834478691796,
  "recall": 0.8781925343811395,
  "f1": 0.8739438763949429,
  "roc": 0.9197893532081179,
  "cr": "              precision    recall  f1-score   support\n\n           0       0.90      0.94      0.92       355\n           1       0.71      0.59      0.65        54\n           2       0.76      0.63      0.69        46\n           3       0.94      0.94      0.94        54\n\n    accuracy                           0.88       509\n   macro avg       0.83      0.78      0.80       509\nweighted avg       0.87      0.88      0.87       509\n",
  "cm": [
    [
      0.9436619718309859,
      0.03380281690140845,
      0.014084507042253521,
      0.008450704225352112
    ],
    [
      0.3333333333333333,
      0.5925925925925926,
      0.07407407407407407,
      0.0
    ],
    [
      0.34782608695652173,
      0.021739130434782608,
      0.6304347826086957,
      0.0
    ],
    [
      0.05555555555555555,
      0.0,
      0.0,
      0.9444444444444444
    ]
  ]
}