{
  "model_name": "Gradient Boosting - Process+Task - Best",
  "accuracy": 0.8742632612966601,
  "balanced_accuracy": 0.7497023202014017,
  "recall": 0.8742632612966601,
  "f1": 0.8650449740123102,
  "roc": 0.9096119765360685,
  "cr": "              precision    recall  f1-score   support\n\n           0       0.89      0.96      0.92       355\n           1       0.73      0.44      0.55        54\n           2       0.79      0.65      0.71        46\n           3       0.94      0.94      0.94        54\n\n    accuracy                           0.87       509\n   macro avg       0.84      0.75      0.78       509\nweighted avg       0.87      0.87      0.87       509\n",
  "cm": [
    [
      0.9577464788732394,
      0.022535211267605635,
      0.011267605633802818,
      0.008450704225352112
    ],
    [
      0.48148148148148145,
      0.4444444444444444,
      0.07407407407407407,
      0.0
    ],
    [
      0.32608695652173914,
      0.021739130434782608,
      0.6521739130434783,
      0.0
    ],
    [
      0.05555555555555555,
      0.0,
      0.0,
      0.9444444444444444
    ]
  ]
}