{
  "model_name": "bagging",
  "accuracy": 0.8860510805500982,
  "balanced_accuracy": 0.7979122723458303,
  "recall": 0.8860510805500982,
  "f1": 0.883104005420457,
  "roc": 0.9134933805135829,
  "cr": "              precision    recall  f1-score   support\n\n           0       0.91      0.94      0.92       355\n           1       0.69      0.63      0.66        54\n           2       0.86      0.67      0.76        46\n           3       0.94      0.94      0.94        54\n\n    accuracy                           0.89       509\n   macro avg       0.85      0.80      0.82       509\nweighted avg       0.88      0.89      0.88       509\n",
  "cm": [
    [
      0.9436619718309859,
      0.036619718309859155,
      0.011267605633802818,
      0.008450704225352112
    ],
    [
      0.35185185185185186,
      0.6296296296296297,
      0.018518518518518517,
      0.0
    ],
    [
      0.30434782608695654,
      0.021739130434782608,
      0.6739130434782609,
      0.0
    ],
    [
      0.037037037037037035,
      0.018518518518518517,
      0.0,
      0.9444444444444444
    ]
  ]
}