{
  "model_name": "Random Forest - Process+Task - Best",
  "accuracy": 0.8801571709233792,
  "balanced_accuracy": 0.7871436347553924,
  "recall": 0.8801571709233792,
  "f1": 0.8770259964684176,
  "roc": 0.924584182000791,
  "cr": "              precision    recall  f1-score   support\n\n           0       0.91      0.94      0.92       355\n           1       0.69      0.61      0.65        54\n           2       0.77      0.65      0.71        46\n           3       0.94      0.94      0.94        54\n\n    accuracy                           0.88       509\n   macro avg       0.83      0.79      0.81       509\nweighted avg       0.88      0.88      0.88       509\n",
  "cm": [
    [
      0.9408450704225352,
      0.036619718309859155,
      0.014084507042253521,
      0.008450704225352112
    ],
    [
      0.3148148148148148,
      0.6111111111111112,
      0.07407407407407407,
      0.0
    ],
    [
      0.32608695652173914,
      0.021739130434782608,
      0.6521739130434783,
      0.0
    ],
    [
      0.037037037037037035,
      0.018518518518518517,
      0.0,
      0.9444444444444444
    ]
  ]
}