{
  "model_name": "ada_boost",
  "accuracy": 0.3346693386773547,
  "balanced_accuracy": 0.6,
  "recall": 0.3346693386773547,
  "f1": 0.30879536851480743,
  "roc": 0.8109150789193866,
  "cr": "              precision    recall  f1-score   support\n\n           0       0.00      0.00      0.00       163\n           1       0.00      0.00      0.00       169\n           2       1.00      1.00      1.00       140\n           3       0.04      1.00      0.08        14\n           4       1.00      1.00      1.00        13\n\n    accuracy                           0.33       499\n   macro avg       0.41      0.60      0.42       499\nweighted avg       0.31      0.33      0.31       499\n",
  "cm": [
    [
      0.0,
      0.0,
      0.0,
      1.0,
      0.0
    ],
    [
      0.0,
      0.0,
      0.0,
      1.0,
      0.0
    ],
    [
      0.0,
      0.0,
      1.0,
      0.0,
      0.0
    ],
    [
      0.0,
      0.0,
      0.0,
      1.0,
      0.0
    ],
    [
      0.0,
      0.0,
      0.0,
      0.0,
      1.0
    ]
  ]
}