{
  "model_name": "ada_boost",
  "accuracy": 0.9069767441860465,
  "balanced_accuracy": 0.7692307692307693,
  "recall": 0.9069767441860465,
  "f1": 0.8853820598006644,
  "roc": 0.9588769143505389,
  "cr": "              precision    recall  f1-score   support\n\n           0       0.87      1.00      0.93        13\n           1       0.85      0.85      0.85        13\n           2       1.00      1.00      1.00        13\n           3       0.00      0.00      0.00         2\n           4       1.00      1.00      1.00         2\n\n    accuracy                           0.91        43\n   macro avg       0.74      0.77      0.75        43\nweighted avg       0.87      0.91      0.89        43\n",
  "cm": [
    [
      1.0,
      0.0,
      0.0,
      0.0,
      0.0
    ],
    [
      0.15384615384615385,
      0.8461538461538461,
      0.0,
      0.0,
      0.0
    ],
    [
      0.0,
      0.0,
      1.0,
      0.0,
      0.0
    ],
    [
      0.0,
      1.0,
      0.0,
      0.0,
      0.0
    ],
    [
      0.0,
      0.0,
      0.0,
      0.0,
      1.0
    ]
  ]
}