{
  "model_name": "bagging",
  "accuracy": 0.9534883720930233,
  "balanced_accuracy": 0.9692307692307693,
  "recall": 0.9534883720930233,
  "f1": 0.9532115171650056,
  "roc": 0.9678294573643411,
  "cr": "              precision    recall  f1-score   support\n\n           0       0.87      1.00      0.93        13\n           1       1.00      0.85      0.92        13\n           2       1.00      1.00      1.00        13\n           3       1.00      1.00      1.00         2\n           4       1.00      1.00      1.00         2\n\n    accuracy                           0.95        43\n   macro avg       0.97      0.97      0.97        43\nweighted avg       0.96      0.95      0.95        43\n",
  "cm": [
    [
      1.0,
      0.0,
      0.0,
      0.0,
      0.0
    ],
    [
      0.15384615384615385,
      0.8461538461538461,
      0.0,
      0.0,
      0.0
    ],
    [
      0.0,
      0.0,
      1.0,
      0.0,
      0.0
    ],
    [
      0.0,
      0.0,
      0.0,
      1.0,
      0.0
    ],
    [
      0.0,
      0.0,
      0.0,
      0.0,
      1.0
    ]
  ]
}