{
  "model_name": "extra_trees",
  "accuracy": 0.9759519038076152,
  "balanced_accuracy": 0.9726529723226278,
  "recall": 0.9759519038076152,
  "f1": 0.9759465035410384,
  "roc": 0.9994022899946001,
  "cr": "              precision    recall  f1-score   support\n\n           0       0.94      0.99      0.97       163\n           1       0.99      0.94      0.97       169\n           2       1.00      1.00      1.00       140\n           3       1.00      0.93      0.96        14\n           4       0.93      1.00      0.96        13\n\n    accuracy                           0.98       499\n   macro avg       0.97      0.97      0.97       499\nweighted avg       0.98      0.98      0.98       499\n",
  "cm": [
    [
      0.9938650306748467,
      0.006134969325153374,
      0.0,
      0.0,
      0.0
    ],
    [
      0.05917159763313609,
      0.9408284023668639,
      0.0,
      0.0,
      0.0
    ],
    [
      0.0,
      0.0,
      1.0,
      0.0,
      0.0
    ],
    [
      0.0,
      0.0,
      0.0,
      0.9285714285714286,
      0.07142857142857142
    ],
    [
      0.0,
      0.0,
      0.0,
      0.0,
      1.0
    ]
  ]
}