{
  "model_name": "rf",
  "accuracy": 0.9799599198396793,
  "balanced_accuracy": 0.9880785566486369,
  "recall": 0.9799599198396793,
  "f1": 0.9799599198396793,
  "roc": 0.9989977248870034,
  "cr": "              precision    recall  f1-score   support\n\n           0       0.95      0.99      0.97       163\n           1       0.99      0.95      0.97       169\n           2       1.00      1.00      1.00       140\n           3       1.00      1.00      1.00        14\n           4       1.00      1.00      1.00        13\n\n    accuracy                           0.98       499\n   macro avg       0.99      0.99      0.99       499\nweighted avg       0.98      0.98      0.98       499\n",
  "cm": [
    [
      0.9877300613496932,
      0.012269938650306749,
      0.0,
      0.0,
      0.0
    ],
    [
      0.047337278106508875,
      0.9526627218934911,
      0.0,
      0.0,
      0.0
    ],
    [
      0.0,
      0.0,
      1.0,
      0.0,
      0.0
    ],
    [
      0.0,
      0.0,
      0.0,
      1.0,
      0.0
    ],
    [
      0.0,
      0.0,
      0.0,
      0.0,
      1.0
    ]
  ]
}