{
  "model_name": "grad_boost",
  "accuracy": 0.9302325581395349,
  "balanced_accuracy": 0.8692307692307694,
  "recall": 0.9302325581395349,
  "f1": 0.9265103974406301,
  "roc": 0.9775193798449612,
  "cr": "              precision    recall  f1-score   support\n\n           0       0.87      1.00      0.93        13\n           1       1.00      0.85      0.92        13\n           2       0.93      1.00      0.96        13\n           3       1.00      0.50      0.67         2\n           4       1.00      1.00      1.00         2\n\n    accuracy                           0.93        43\n   macro avg       0.96      0.87      0.89        43\nweighted avg       0.94      0.93      0.93        43\n",
  "cm": [
    [
      1.0,
      0.0,
      0.0,
      0.0,
      0.0
    ],
    [
      0.15384615384615385,
      0.8461538461538461,
      0.0,
      0.0,
      0.0
    ],
    [
      0.0,
      0.0,
      1.0,
      0.0,
      0.0
    ],
    [
      0.0,
      0.0,
      0.5,
      0.5,
      0.0
    ],
    [
      0.0,
      0.0,
      0.0,
      0.0,
      1.0
    ]
  ]
}