{
  "model_name": "bagging",
  "accuracy": 0.9819639278557114,
  "balanced_accuracy": 0.9892619886012997,
  "recall": 0.9819639278557114,
  "f1": 0.9819647460185333,
  "roc": 0.9995454653896537,
  "cr": "              precision    recall  f1-score   support\n\n           0       0.96      0.99      0.97       163\n           1       0.99      0.96      0.97       169\n           2       1.00      1.00      1.00       140\n           3       1.00      1.00      1.00        14\n           4       1.00      1.00      1.00        13\n\n    accuracy                           0.98       499\n   macro avg       0.99      0.99      0.99       499\nweighted avg       0.98      0.98      0.98       499\n",
  "cm": [
    [
      0.9877300613496932,
      0.012269938650306749,
      0.0,
      0.0,
      0.0
    ],
    [
      0.04142011834319527,
      0.9585798816568047,
      0.0,
      0.0,
      0.0
    ],
    [
      0.0,
      0.0,
      1.0,
      0.0,
      0.0
    ],
    [
      0.0,
      0.0,
      0.0,
      1.0,
      0.0
    ],
    [
      0.0,
      0.0,
      0.0,
      0.0,
      1.0
    ]
  ]
}