{
  "model_name": "ada_boost",
  "accuracy": 0.44597249508840864,
  "balanced_accuracy": 0.4382595087432809,
  "recall": 0.44597249508840864,
  "f1": 0.5097646979977428,
  "roc": 0.6910764162746833,
  "cr": "              precision    recall  f1-score   support\n\n           0       0.80      0.45      0.58       355\n           1       0.14      0.30      0.19        54\n           2       0.15      0.52      0.23        46\n           3       0.87      0.48      0.62        54\n\n    accuracy                           0.45       509\n   macro avg       0.49      0.44      0.40       509\nweighted avg       0.68      0.45      0.51       509\n",
  "cm": [
    [
      0.4535211267605634,
      0.21690140845070421,
      0.3183098591549296,
      0.011267605633802818
    ],
    [
      0.2962962962962963,
      0.2962962962962963,
      0.4074074074074074,
      0.0
    ],
    [
      0.30434782608695654,
      0.17391304347826086,
      0.5217391304347826,
      0.0
    ],
    [
      0.2037037037037037,
      0.3148148148148148,
      0.0,
      0.48148148148148145
    ]
  ]
}