{
  "model_name": "bagging",
  "accuracy": 0.8565815324165029,
  "balanced_accuracy": 0.7590659091424554,
  "recall": 0.8565815324165029,
  "f1": 0.8545314798193299,
  "roc": 0.9084642438569802,
  "cr": "              precision    recall  f1-score   support\n\n           0       0.90      0.92      0.91       355\n           1       0.63      0.54      0.58        54\n           2       0.62      0.65      0.64        46\n           3       0.94      0.93      0.93        54\n\n    accuracy                           0.86       509\n   macro avg       0.78      0.76      0.77       509\nweighted avg       0.85      0.86      0.85       509\n",
  "cm": [
    [
      0.9211267605633803,
      0.04507042253521127,
      0.028169014084507043,
      0.005633802816901409
    ],
    [
      0.3333333333333333,
      0.5370370370370371,
      0.12962962962962962,
      0.0
    ],
    [
      0.30434782608695654,
      0.021739130434782608,
      0.6521739130434783,
      0.021739130434782608
    ],
    [
      0.05555555555555555,
      0.0,
      0.018518518518518517,
      0.9259259259259259
    ]
  ]
}