{
  "model_name": "extra_trees",
  "accuracy": 0.8664047151277013,
  "balanced_accuracy": 0.7774835000340206,
  "recall": 0.8664047151277013,
  "f1": 0.8641411761106316,
  "roc": 0.884925313921949,
  "cr": "              precision    recall  f1-score   support\n\n           0       0.90      0.92      0.91       355\n           1       0.65      0.63      0.64        54\n           2       0.76      0.63      0.69        46\n           3       0.93      0.93      0.93        54\n\n    accuracy                           0.87       509\n   macro avg       0.81      0.78      0.79       509\nweighted avg       0.86      0.87      0.86       509\n",
  "cm": [
    [
      0.923943661971831,
      0.04507042253521127,
      0.01971830985915493,
      0.011267605633802818
    ],
    [
      0.3333333333333333,
      0.6296296296296297,
      0.037037037037037035,
      0.0
    ],
    [
      0.34782608695652173,
      0.021739130434782608,
      0.6304347826086957,
      0.0
    ],
    [
      0.05555555555555555,
      0.018518518518518517,
      0.0,
      0.9259259259259259
    ]
  ]
}