{
  "model_name": "grad_boost",
  "accuracy": 0.8703339882121808,
  "balanced_accuracy": 0.772651448141344,
  "recall": 0.8703339882121808,
  "f1": 0.8662305990629051,
  "roc": 0.8929956205200511,
  "cr": "              precision    recall  f1-score   support\n\n           0       0.90      0.94      0.92       355\n           1       0.64      0.54      0.59        54\n           2       0.78      0.67      0.72        46\n           3       0.93      0.94      0.94        54\n\n    accuracy                           0.87       509\n   macro avg       0.81      0.77      0.79       509\nweighted avg       0.86      0.87      0.87       509\n",
  "cm": [
    [
      0.9352112676056338,
      0.04225352112676056,
      0.011267605633802818,
      0.011267605633802818
    ],
    [
      0.37037037037037035,
      0.5370370370370371,
      0.09259259259259259,
      0.0
    ],
    [
      0.30434782608695654,
      0.021739130434782608,
      0.6739130434782609,
      0.0
    ],
    [
      0.05555555555555555,
      0.0,
      0.0,
      0.9444444444444444
    ]
  ]
}