{
  "model_name": "rf",
  "accuracy": 0.8605108055009824,
  "balanced_accuracy": 0.7761759769567487,
  "recall": 0.8605108055009824,
  "f1": 0.8593517503722057,
  "roc": 0.910211525713696,
  "cr": "              precision    recall  f1-score   support\n\n           0       0.91      0.92      0.91       355\n           1       0.64      0.59      0.62        54\n           2       0.65      0.65      0.65        46\n           3       0.94      0.94      0.94        54\n\n    accuracy                           0.86       509\n   macro avg       0.79      0.78      0.78       509\nweighted avg       0.86      0.86      0.86       509\n",
  "cm": [
    [
      0.9154929577464789,
      0.04788732394366197,
      0.028169014084507043,
      0.008450704225352112
    ],
    [
      0.2962962962962963,
      0.5925925925925926,
      0.1111111111111111,
      0.0
    ],
    [
      0.32608695652173914,
      0.021739130434782608,
      0.6521739130434783,
      0.0
    ],
    [
      0.05555555555555555,
      0.0,
      0.0,
      0.9444444444444444
    ]
  ]
}