{
  "model_name": "ada_boost",
  "accuracy": 0.6292585170340681,
  "balanced_accuracy": 0.5692307692307692,
  "recall": 0.6292585170340681,
  "f1": 0.513601192283557,
  "roc": 0.7115214033761179,
  "cr": "              precision    recall  f1-score   support\n\n           0       0.49      1.00      0.66       163\n           1       0.00      0.00      0.00       169\n           2       1.00      1.00      1.00       140\n           3       0.00      0.00      0.00        14\n           4       0.58      0.85      0.69        13\n\n    accuracy                           0.63       499\n   macro avg       0.41      0.57      0.47       499\nweighted avg       0.46      0.63      0.51       499\n",
  "cm": [
    [
      1.0,
      0.0,
      0.0,
      0.0,
      0.0
    ],
    [
      1.0,
      0.0,
      0.0,
      0.0,
      0.0
    ],
    [
      0.0,
      0.0,
      1.0,
      0.0,
      0.0
    ],
    [
      0.0,
      0.42857142857142855,
      0.0,
      0.0,
      0.5714285714285714
    ],
    [
      0.0,
      0.07692307692307693,
      0.0,
      0.07692307692307693,
      0.8461538461538461
    ]
  ]
}