{
  "model_name": "bagging",
  "accuracy": 0.9739478957915831,
  "balanced_accuracy": 0.9450907280543902,
  "recall": 0.9739478957915831,
  "f1": 0.9738981411098058,
  "roc": 0.9984309253626238,
  "cr": "              precision    recall  f1-score   support\n\n           0       0.97      0.97      0.97       163\n           1       0.97      0.97      0.97       169\n           2       1.00      1.00      1.00       140\n           3       1.00      0.79      0.88        14\n           4       0.81      1.00      0.90        13\n\n    accuracy                           0.97       499\n   macro avg       0.95      0.95      0.94       499\nweighted avg       0.98      0.97      0.97       499\n",
  "cm": [
    [
      0.9693251533742331,
      0.03067484662576687,
      0.0,
      0.0,
      0.0
    ],
    [
      0.029585798816568046,
      0.9704142011834319,
      0.0,
      0.0,
      0.0
    ],
    [
      0.0,
      0.0,
      1.0,
      0.0,
      0.0
    ],
    [
      0.0,
      0.0,
      0.0,
      0.7857142857142857,
      0.21428571428571427
    ],
    [
      0.0,
      0.0,
      0.0,
      0.0,
      1.0
    ]
  ]
}