{
  "model_name": "extra_trees",
  "accuracy": 0.9759519038076152,
  "balanced_accuracy": 0.9321601003998362,
  "recall": 0.9759519038076152,
  "f1": 0.9759310455092263,
  "roc": 0.9989726069708773,
  "cr": "              precision    recall  f1-score   support\n\n           0       0.97      0.98      0.98       163\n           1       0.98      0.97      0.98       169\n           2       1.00      1.00      1.00       140\n           3       0.92      0.79      0.85        14\n           4       0.80      0.92      0.86        13\n\n    accuracy                           0.98       499\n   macro avg       0.93      0.93      0.93       499\nweighted avg       0.98      0.98      0.98       499\n",
  "cm": [
    [
      0.9815950920245399,
      0.018404907975460124,
      0.0,
      0.0,
      0.0
    ],
    [
      0.029585798816568046,
      0.9704142011834319,
      0.0,
      0.0,
      0.0
    ],
    [
      0.0,
      0.0,
      1.0,
      0.0,
      0.0
    ],
    [
      0.0,
      0.0,
      0.0,
      0.7857142857142857,
      0.21428571428571427
    ],
    [
      0.0,
      0.0,
      0.0,
      0.07692307692307693,
      0.9230769230769231
    ]
  ]
}