{
  "model_name": "extra_trees",
  "accuracy": 0.9779559118236473,
  "balanced_accuracy": 0.9475447157844515,
  "recall": 0.9779559118236473,
  "f1": 0.9779073209095911,
  "roc": 0.9972819781765566,
  "cr": "              precision    recall  f1-score   support\n\n           0       0.97      0.98      0.98       163\n           1       0.98      0.97      0.98       169\n           2       1.00      1.00      1.00       140\n           3       1.00      0.79      0.88        14\n           4       0.81      1.00      0.90        13\n\n    accuracy                           0.98       499\n   macro avg       0.95      0.95      0.95       499\nweighted avg       0.98      0.98      0.98       499\n",
  "cm": [
    [
      0.9815950920245399,
      0.018404907975460124,
      0.0,
      0.0,
      0.0
    ],
    [
      0.029585798816568046,
      0.9704142011834319,
      0.0,
      0.0,
      0.0
    ],
    [
      0.0,
      0.0,
      1.0,
      0.0,
      0.0
    ],
    [
      0.0,
      0.0,
      0.0,
      0.7857142857142857,
      0.21428571428571427
    ],
    [
      0.0,
      0.0,
      0.0,
      0.0,
      1.0
    ]
  ]
}