{
  "model_name": "grad_boost",
  "accuracy": 0.9739478957915831,
  "balanced_accuracy": 0.9310202303595414,
  "recall": 0.9739478957915831,
  "f1": 0.973926691888295,
  "roc": 0.9985848481775617,
  "cr": "              precision    recall  f1-score   support\n\n           0       0.96      0.99      0.97       163\n           1       0.99      0.96      0.97       169\n           2       1.00      1.00      1.00       140\n           3       0.92      0.79      0.85        14\n           4       0.80      0.92      0.86        13\n\n    accuracy                           0.97       499\n   macro avg       0.93      0.93      0.93       499\nweighted avg       0.97      0.97      0.97       499\n",
  "cm": [
    [
      0.9877300613496932,
      0.012269938650306749,
      0.0,
      0.0,
      0.0
    ],
    [
      0.04142011834319527,
      0.9585798816568047,
      0.0,
      0.0,
      0.0
    ],
    [
      0.0,
      0.0,
      1.0,
      0.0,
      0.0
    ],
    [
      0.0,
      0.0,
      0.0,
      0.7857142857142857,
      0.21428571428571427
    ],
    [
      0.0,
      0.0,
      0.0,
      0.07692307692307693,
      0.9230769230769231
    ]
  ]
}