{
  "model_name": "grad_boost",
  "accuracy": 0.9739478957915831,
  "balanced_accuracy": 0.9320320076337065,
  "recall": 0.9739478957915831,
  "f1": 0.973815113598189,
  "roc": 0.9989041243828883,
  "cr": "              precision    recall  f1-score   support\n\n           0       0.97      0.98      0.97       163\n           1       0.98      0.97      0.97       169\n           2       1.00      1.00      1.00       140\n           3       1.00      0.71      0.83        14\n           4       0.76      1.00      0.87        13\n\n    accuracy                           0.97       499\n   macro avg       0.94      0.93      0.93       499\nweighted avg       0.98      0.97      0.97       499\n",
  "cm": [
    [
      0.9754601226993865,
      0.024539877300613498,
      0.0,
      0.0,
      0.0
    ],
    [
      0.029585798816568046,
      0.9704142011834319,
      0.0,
      0.0,
      0.0
    ],
    [
      0.0,
      0.0,
      1.0,
      0.0,
      0.0
    ],
    [
      0.0,
      0.0,
      0.0,
      0.7142857142857143,
      0.2857142857142857
    ],
    [
      0.0,
      0.0,
      0.0,
      0.0,
      1.0
    ]
  ]
}