{
  "model_name": "rf",
  "accuracy": 0.9739478957915831,
  "balanced_accuracy": 0.9320755695460745,
  "recall": 0.9739478957915831,
  "f1": 0.9738157680571565,
  "roc": 0.9981502597443671,
  "cr": "              precision    recall  f1-score   support\n\n           0       0.96      0.98      0.97       163\n           1       0.98      0.96      0.97       169\n           2       1.00      1.00      1.00       140\n           3       1.00      0.71      0.83        14\n           4       0.76      1.00      0.87        13\n\n    accuracy                           0.97       499\n   macro avg       0.94      0.93      0.93       499\nweighted avg       0.98      0.97      0.97       499\n",
  "cm": [
    [
      0.9815950920245399,
      0.018404907975460124,
      0.0,
      0.0,
      0.0
    ],
    [
      0.03550295857988166,
      0.9644970414201184,
      0.0,
      0.0,
      0.0
    ],
    [
      0.0,
      0.0,
      1.0,
      0.0,
      0.0
    ],
    [
      0.0,
      0.0,
      0.0,
      0.7142857142857143,
      0.2857142857142857
    ],
    [
      0.0,
      0.0,
      0.0,
      0.0,
      1.0
    ]
  ]
}