{
  "model_name": "ada_boost",
  "accuracy": 0.6352705410821643,
  "balanced_accuracy": 0.6,
  "recall": 0.6352705410821643,
  "f1": 0.5148506424033087,
  "roc": 0.8132786890214834,
  "cr": "              precision    recall  f1-score   support\n\n           0       0.49      1.00      0.66       163\n           1       0.00      0.00      0.00       169\n           2       1.00      1.00      1.00       140\n           3       0.52      1.00      0.68        14\n           4       0.00      0.00      0.00        13\n\n    accuracy                           0.64       499\n   macro avg       0.40      0.60      0.47       499\nweighted avg       0.46      0.64      0.51       499\n",
  "cm": [
    [
      1.0,
      0.0,
      0.0,
      0.0,
      0.0
    ],
    [
      1.0,
      0.0,
      0.0,
      0.0,
      0.0
    ],
    [
      0.0,
      0.0,
      1.0,
      0.0,
      0.0
    ],
    [
      0.0,
      0.0,
      0.0,
      1.0,
      0.0
    ],
    [
      0.0,
      0.0,
      0.0,
      1.0,
      0.0
    ]
  ]
}