{
  "model_name": "bagging",
  "accuracy": 0.9719438877755511,
  "balanced_accuracy": 0.9440379818388311,
  "recall": 0.9719438877755511,
  "f1": 0.9717407023088265,
  "roc": 0.9970001468655421,
  "cr": "              precision    recall  f1-score   support\n\n           0       0.95      0.99      0.97       163\n           1       0.98      0.95      0.96       169\n           2       1.00      1.00      1.00       140\n           3       1.00      0.79      0.88        14\n           4       0.87      1.00      0.93        13\n\n    accuracy                           0.97       499\n   macro avg       0.96      0.94      0.95       499\nweighted avg       0.97      0.97      0.97       499\n",
  "cm": [
    [
      0.9877300613496932,
      0.012269938650306749,
      0.0,
      0.0,
      0.0
    ],
    [
      0.05325443786982249,
      0.9467455621301775,
      0.0,
      0.0,
      0.0
    ],
    [
      0.0,
      0.0,
      1.0,
      0.0,
      0.0
    ],
    [
      0.0,
      0.07142857142857142,
      0.0,
      0.7857142857142857,
      0.14285714285714285
    ],
    [
      0.0,
      0.0,
      0.0,
      0.0,
      1.0
    ]
  ]
}