{
  "model_name": "extra_trees",
  "accuracy": 0.9719438877755511,
  "balanced_accuracy": 0.957140264171883,
  "recall": 0.9719438877755511,
  "f1": 0.9719293858194413,
  "roc": 0.9989932371938222,
  "cr": "              precision    recall  f1-score   support\n\n           0       0.94      0.99      0.96       163\n           1       0.99      0.94      0.96       169\n           2       1.00      1.00      1.00       140\n           3       1.00      0.86      0.92        14\n           4       0.87      1.00      0.93        13\n\n    accuracy                           0.97       499\n   macro avg       0.96      0.96      0.96       499\nweighted avg       0.97      0.97      0.97       499\n",
  "cm": [
    [
      0.9877300613496932,
      0.012269938650306749,
      0.0,
      0.0,
      0.0
    ],
    [
      0.05917159763313609,
      0.9408284023668639,
      0.0,
      0.0,
      0.0
    ],
    [
      0.0,
      0.0,
      1.0,
      0.0,
      0.0
    ],
    [
      0.0,
      0.0,
      0.0,
      0.8571428571428571,
      0.14285714285714285
    ],
    [
      0.0,
      0.0,
      0.0,
      0.0,
      1.0
    ]
  ]
}