{
  "model_name": "grad_boost",
  "accuracy": 0.9679358717434869,
  "balanced_accuracy": 0.9416275560211378,
  "recall": 0.9679358717434869,
  "f1": 0.9678844625546698,
  "roc": 0.9991901098627438,
  "cr": "              precision    recall  f1-score   support\n\n           0       0.94      0.98      0.96       163\n           1       0.98      0.94      0.96       169\n           2       1.00      1.00      1.00       140\n           3       1.00      0.79      0.88        14\n           4       0.81      1.00      0.90        13\n\n    accuracy                           0.97       499\n   macro avg       0.95      0.94      0.94       499\nweighted avg       0.97      0.97      0.97       499\n",
  "cm": [
    [
      0.9815950920245399,
      0.018404907975460124,
      0.0,
      0.0,
      0.0
    ],
    [
      0.05917159763313609,
      0.9408284023668639,
      0.0,
      0.0,
      0.0
    ],
    [
      0.0,
      0.0,
      1.0,
      0.0,
      0.0
    ],
    [
      0.0,
      0.0,
      0.0,
      0.7857142857142857,
      0.21428571428571427
    ],
    [
      0.0,
      0.0,
      0.0,
      0.0,
      1.0
    ]
  ]
}